"English","Chinese (ZH)","Malay (MS)","Japanese (JA)","ID","Page","Section","Never Translate","Review Flag","Notes"
"Lexis Hibiscus 2","Lexis Hibiscus 2","","","global.logo","Global","Header logo link text","Y","","Brand name — identical in every language"
"Toggle menu","切换菜单","","","global.nav_toggle_aria","Global","Mobile nav toggle aria-label","","",""
"Villas","别墅","","","global.nav.villas","Global","Header nav link","","",""
"Rental Programme","租赁计划","","","global.nav.rental_programme","Global","Header nav link","","",""
"About","关于","","","global.nav.about","Global","Header nav link","","",""
"Contact","联系我们","","","global.nav.contact","Global","Header nav link","","",""
"Language","语言","","","global.switcher_aria","Global","Language switcher aria-label","","","Currently shipped untranslated (still says ""Language"") on live /zh/ pages — flagged bug to patch retroactively; use correct localized value here going forward"
"Skip to content","跳至内容","","","global.skip_link","Global","Accessibility skip link","","",""
"Book a Private Viewing","预约私人参观","Tempah Lawatan Peribadi","プライベート内覧のご予約","global.cta.whatsapp_primary","Global","CTA button (data-text-key=whatsappPrimary) — WhatsApp button in nav/hero/sticky/float/final CTA on every page","","Y","Locked CTA per master doc §5. MS/JA pre-filled from the master doc's own official drafts. Lives in js/site-content.js buttonText.whatsappPrimary + every page's static [data-text-target] fallback span — both must match"
"Request a Callback","预约回电","Mohon Panggilan Semula","折り返しのご連絡を依頼","global.cta.request_callback","Global","CTA button (data-text-key=requestCallback)","","Y","Locked CTA per master doc §5. MS/JA pre-filled from master doc drafts. js/site-content.js buttonText.requestCallback"
"Request a Viewing Callback","预约参观回电","Mohon Panggilan untuk Lawatan","内覧のご案内を依頼","global.cta.form_submit","Global","CTA button (data-text-key=formSubmit) — lead form submit button on villas/rental-programme","","Y","Locked CTA per master doc §5. MS/JA pre-filled from master doc drafts. NOT used on contact page (see global.form.submit_contact)"
"Quick contact","快速联系","","","global.sticky.aria","Global","Sticky mobile bar aria-label","","",""
"Enquire","咨询","","","global.sticky.enquire","Global","Sticky bar secondary link (plain, non-CTA) on /, /about/, /disclaimer/, /privacy-policy/","","","Links to /contact/ (language-equivalent). Distinct from the ""Request a Callback"" CTA used on other pages"
"Lexis Hibiscus 2","Lexis Hibiscus 2","","","global.footer.brand","Global","Footer heading","Y","",""
"Port Dickson, Negeri Sembilan — a 5-star resort development by KL Metro Property Development Sdn. Bhd. (Kuala Lumpur Metro Group), operated by Lexis Hotel Group.","森美兰波德申 — 由 KL Metro Property Development Sdn. Bhd.（Kuala Lumpur Metro Group 成员）打造，Lexis Hotel Group 管理的五星级度假村项目。","","","global.footer.intro","Global","Footer intro paragraph","","","""Port Dickson"" and all company names stay in English per never-translate list; only the descriptive sentence around them translates"
"Explore","快速链接","","","global.footer.explore_heading","Global","Footer column heading","","",""
"Villas","别墅","","","global.footer.link.villas","Global","Footer link","","","Same string as global.nav.villas"
"Rental Programme","租赁计划","","","global.footer.link.rental_programme","Global","Footer link","","","Same string as global.nav.rental_programme"
"About the Consultant","关于顾问","","","global.footer.link.about","Global","Footer link","","","NOTE: differs from nav's plain ""About"" — footer uses the fuller label"
"Contact","联系我们","","","global.footer.link.contact","Global","Footer link","","",""
"Privacy Policy","隐私政策","","","global.footer.link.privacy","Global","Footer link","","",""
"Disclaimer","免责声明","","","global.footer.link.disclaimer","Global","Footer link","","",""
"Marketing Credentials","营销资质","","","global.footer.credentials_heading","Global","Footer column heading","","",""
"REN: Wong See How · REN No. 51947 / Agency: Summerfield Property (M) Sdn. Bhd., reg. 200401009891 (648394-W) / Firm registration (LPPEH E-no.): E (3) 1305 / Developer: KL Metro Property Development Sdn. Bhd., reg. 201901040005 (1349335-X)","REN: Wong See How · REN No. 51947 / 代理公司：Summerfield Property (M) Sdn. Bhd., reg. 200401009891 (648394-W) / 公司注册 (LPPEH E-no.)：E (3) 1305 / 发展商：KL Metro Property Development Sdn. Bhd., reg. 201901040005 (1349335-X)","","","global.footer.ren_block","Global","Footer REN / legal identity block (4 lines)","Partial","Y","REN name, REN number, company names and registration numbers must stay verbatim in every language — only the field labels (""Agency:"", ""Firm registration:"", ""Developer:"") translate. This is the compliance-critical footer block referenced in §5 as ""keep verbatim"""
"Visit Us: Bukit Bintang Showroom, Kuala Lumpur (open daily, 10am – 4pm) · Lexis Hibiscus Port Dickson Sales Gallery — full addresses on our Contact page","咨询地点：Bukit Bintang Showroom, Kuala Lumpur（每日开放，上午10时至下午4时） · Lexis Hibiscus Port Dickson Sales Gallery——完整地址请见联系我们页面","","","global.footer.venue","Global","Footer venue line","","","Two venues as of 2026-07-19. Venue names and addresses stay in English/Romanized form in every language (postal requirement + existing convention). Full addresses live only on /contact/, not repeated in the footer."
"Marketing by an authorised real estate negotiator. This is not the developer's official website.","本网站由授权房地产经纪人营销制作，并非发展商官方网站。","","","global.footer.legal1","Global","Footer legal line 1","","Y","Compliance-adjacent boilerplate, reused verbatim as a disclosure box on /about/, /contact/ and elsewhere"
"Renders shown are artist impressions; final development may vary. This website is marketing material and does not constitute financial or investment advice — buyers should seek independent legal and financial counsel. Information correct at time of publication and subject to change.","网站所示效果图仅供参考，最终发展项目可能有所不同。本网站为营销资料，不构成财务或法律建议——买家应寻求独立的法律与财务咨询。资料内容以发布时为准，如有更改，恕不另行通知。","","","global.footer.legal2","Global","Footer legal line 2","","Y","FLAGGED: ZH drops ""investment"" and substitutes ""legal"" because 投资 is a banned ZH compliance term (see i18n/compliance-audit-zh.md). Apply the equivalent substitution for MS (""pelaburan"" is banned) and JA (投資 is banned) — see TRANSLATION-TASK.md"
"© 2026 Lexis Hibiscus 2. All rights reserved.","© 2026 Lexis Hibiscus 2. All rights reserved.","","","global.footer.copyright","Global","Footer copyright","Partial","","Currently shipped identically untranslated in ZH (not localized) — flagged gap. ""Lexis Hibiscus 2"" and the year stay verbatim; consider translating ""All rights reserved"" for MS/JA and retroactively for ZH"
"Name","姓名","","","global.form.label_name","Global","Form field label","","",""
"WhatsApp Number","WhatsApp 号码","","","global.form.label_whatsapp","Global","Form field label","","",""
"Country code","国家区号","","","global.form.country_code_aria","Global","Form select aria-label","","",""
"Other","其他","","","global.form.country_other","Global","Country-code select option","","",""
"Buyer Type","买家类型","","","global.form.label_buyer_type","Global","Form field label","","",""
"Select one","请选择","","","global.form.buyer_select_placeholder","Global","Form select placeholder option","","",""
"Malaysia Buyer","马来西亚买家","","","global.form.buyer_malaysia","Global","Form select option","","",""
"Singapore Buyer","新加坡买家","","","global.form.buyer_singapore","Global","Form select option","","",""
"Overseas Buyer","海外买家","","","global.form.buyer_overseas","Global","Form select option","","",""
"MM2H Participant","MM2H 参与者","","","global.form.buyer_mm2h","Global","Form select option","Partial","","Keep ""MM2H"" acronym untranslated; translate ""Participant"" only"
"Others","其他","","","global.form.buyer_others","Global","Form select option","","",""
"Send Enquiry","发送咨询","","","global.form.submit_contact","Global","Contact-page form submit button (hardcoded, not via CTA config)","","",""
"Leave empty","请留空","","","global.form.botcheck_label","Global","Honeypot field label (visually hidden)","","",""
"Your details are used only to respond to this enquiry. See our Privacy Policy.","您的资料仅用于回复本咨询，详情请参阅我们的隐私政策。","","","global.form.privacy_note","Global","Form footer note","","","""Privacy Policy""/""隐私政策"" is a hyperlink to /privacy-policy/ (language-equivalent) — keep as link text"
"Enter a valid WhatsApp number so our consultant can reach you.","请输入有效的WhatsApp号码，以便我们的顾问与您联系。","","","global.form.validation_phone","Global","JS validation message (js/site.js via data-invalid-phone-text attribute)","","",""
"12 345 6789","12 345 6789","12 345 6789","12 345 6789","global.form.phone_placeholder","Global","Phone input placeholder","Y","","Keep Western digit format unchanged in all languages"
"Lexis Hibiscus 2, Port Dickson | Private-Pool Resort Villas","Lexis Hibiscus 2, Port Dickson｜私人泳池度假别墅","","","home.meta.title","/","<title>","","",""
"Lexis Hibiscus 2 is a 5-star resort development in Port Dickson with private-pool villas, managed by the award-winning Lexis Hotel Group. Ownership from RM774,000.","Lexis Hibiscus 2 是位于 Port Dickson 的五星级度假村项目，配备私人泳池别墅，由屡获殊荣的 Lexis Hotel Group 管理。业权价格由 RM774,000 起。","","","home.meta.description","/","Meta description","","",""
"Lexis Hibiscus 2, Port Dickson","Lexis Hibiscus 2, Port Dickson","","","home.og.title","/","og:title","Y","",""
"A 5-star resort development in Port Dickson with private-pool villas, managed by Lexis Hotel Group.","位于 Port Dickson 的五星级度假村项目，配备私人泳池别墅，由 Lexis Hotel Group 管理。","","","home.og.description","/","og:description","","",""
"Hi, I'd like to book a private viewing for Lexis Hibiscus 2.","您好，我想预约 Lexis Hibiscus 2 的私人参观。","","","home.wa_text","/","WhatsApp prefill (data-wa-text)","","","Default WA prefill message, also reused verbatim on /contact/, /disclaimer/, /privacy-policy/"
"Port Dickson, Malaysia","Port Dickson，马来西亚","","","home.hero.eyebrow","/","Hero eyebrow label","","",""
"A New Landmark Resort on the Straits of Malacca","马六甲海峡畔的全新地标度假村","","","home.hero.h1","/","H1","","",""
"Lexis Hibiscus 2 brings private-pool villa living to Port Dickson, professionally managed by the award-winning Lexis Hotel Group. Explore the villas, or learn how the rental programme works.","Lexis Hibiscus 2 将私人泳池别墅生活带到 Port Dickson，由屡获殊荣的 Lexis Hotel Group 专业管理。立即探索别墅选择，或了解租赁计划的运作方式。","","","home.hero.subhead","/","Hero subheadline","","",""
"Aerial artist impression of Lexis Hibiscus 2 resort, Port Dickson","Lexis Hibiscus 2 度假村鸟瞰效果图，位于 Port Dickson","","","home.hero.image_alt","/","Hero image alt text","","","Same image/alt reused on /villas/"
"Artist impression. Final development may vary.","效果图仅供参考，最终发展项目可能有所不同。","","","home.hero.caption","/","Hero image caption","","","This exact caption is reused verbatim on every hero/render image sitewide"
"The Villas","别墅","","","home.card1.heading","/","Home card 1 heading","","",""
"Overwater Type A villas, each with its own private pool. See the villa options, resort experience and gallery.","水上 A 型别墅，每户皆配备私人泳池。了解别墅选择、度假村体验与相册。","","","home.card1.body","/","Home card 1 body","","",""
"Explore the villas →","探索别墅 →","","","home.card1.link","/","Home card 1 link text","","",""
"Artist impression of villas at Lexis Hibiscus 2","Lexis Hibiscus 2 别墅效果图","","","home.card1.image_alt","/","Home card 1 image alt","","",""
"The Rental Programme","租赁计划","","","home.card2.heading","/","Home card 2 heading","","",""
"A structured 15-year rental programme managed by Lexis Hotel Group, with a track record of paying owners since 2006.","由 Lexis Hotel Group 管理的15年期结构化租赁计划，自2006年起持续向业主发放租金。","","","home.card2.body","/","Home card 2 body","","Y","Compliance-adjacent rental programme description"
"See how it works →","了解详情 →","","","home.card2.link","/","Home card 2 link text","","",""
"Artist impression of the resort pool at Lexis Hibiscus 2","Lexis Hibiscus 2 度假村泳池效果图","","","home.card2.image_alt","/","Home card 2 image alt","","",""
"Why Lexis Hibiscus 2","为何选择 Lexis Hibiscus 2","","","home.trust.eyebrow","/","Trust section eyebrow","","",""
"Built on an Award-Winning Hospitality Track Record","屡获殊荣的酒店管理团队实力见证","","","home.trust.h2","/","Trust section H2","","",""
"2× Guinness World Records","2项健力士世界纪录","","","home.trust1.heading","/","Trust card 1 heading","","","""健力士"" is the standard Malaysian/Singaporean Chinese term for Guinness"
"Held by the existing Lexis Hibiscus resort, verified 2016.","由现有 Lexis Hibiscus 度假村保持，于2016年获认证。","","","home.trust1.body","/","Trust card 1 body","","",""
"Developer since 1996","1996年创立的发展商","","","home.trust2.heading","/","Trust card 2 heading","","",""
"Kuala Lumpur Metro Group.","Kuala Lumpur Metro Group。","","","home.trust2.body","/","Trust card 2 body","Y","",""
"Rental paid since 2006","自2006年起发放租金","","","home.trust3.heading","/","Trust card 3 heading","","Y",""
"Across Lexis properties.","遍及 Lexis 旗下物业。","","","home.trust3.body","/","Trust card 3 body","","",""
"From RM774,000","RM774,000 起","","","home.trust4.heading","/","Trust card 4 heading","Partial","","Keep ""RM774,000"" unchanged in all languages"
"Private-pool villa ownership, subject to availability.","私人泳池别墅业权，视单位供应情况而定。","","","home.trust4.body","/","Trust card 4 body","","",""
"Speak With Our Consultant","与我们的顾问洽谈","","","home.consultant.h2","/","Final CTA section H2","","",""
"Villa details, pricing and private consultations at Bukit Bintang Showroom — reach out any time on WhatsApp.","别墅详情、价格与 Bukit Bintang Showroom 私人咨询——欢迎随时透过 WhatsApp 联系我们。","","","home.consultant.body","/","Final CTA section body","","",""
"About Your Consultant | Lexis Hibiscus 2, Port Dickson","关于顾问｜Lexis Hibiscus 2, Port Dickson","","","about.meta.title","/about/","<title>","","",""
"Meet the authorised real estate negotiator marketing Lexis Hibiscus 2 in Port Dickson — experience, credentials and how to arrange a private consultation.","认识负责 Lexis Hibiscus 2（Port Dickson）市场推广的授权房地产经纪人——经验、资质，以及如何安排私人咨询。","","","about.meta.description","/about/","Meta description","","",""
"About Your Consultant — Lexis Hibiscus 2","关于顾问 — Lexis Hibiscus 2","","","about.og.title","/about/","og:title","","",""
"Meet the authorised real estate negotiator marketing Lexis Hibiscus 2, Port Dickson.","认识负责 Lexis Hibiscus 2（Port Dickson）市场推广的授权房地产经纪人。","","","about.og.description","/about/","og:description","","",""
"Hi, I'd like to book a viewing with Wong See How for Lexis Hibiscus 2.","您好，我想预约与 Wong See How 洽谈 Lexis Hibiscus 2 的参观。","","","about.wa_text","/about/","WhatsApp prefill (data-wa-text)","Partial","","""Wong See How"" verbatim"
"About","关于","","","about.eyebrow","/about/","Eyebrow label","","","Same string as global.nav.about"
"Your Consultant for Lexis Hibiscus 2","Lexis Hibiscus 2 专属顾问","","","about.h1","/about/","H1","","",""
"Joe Wong (Wong See How), REN 51947, founder and director of Summerfield Property (M) Sdn. Bhd.","Joe Wong（Wong See How），REN 51947，Summerfield Property (M) Sdn. Bhd. 创办人兼董事","","","about.photo_alt","/about/","Consultant photo alt text","Partial","","Names/REN number/company name verbatim; only the role description translates"
"Wong See How is a Registered Real Estate Negotiator (REN 51947) working with Summerfield Property (M) Sdn. Bhd. (firm registration E (3) 1305), marketing Lexis Hibiscus 2 in Port Dickson.","Wong See How 是注册房地产经纪人（REN 51947），任职于 Summerfield Property (M) Sdn. Bhd.（公司注册 E (3) 1305），负责 Lexis Hibiscus 2（Port Dickson）的市场推广工作。","","","about.p1","/about/","Body paragraph 1","","",""
"Joe Wong (Joe See How Wong) is the founder and director of Summerfield Property (M) Sdn. Bhd., a real estate firm specialising in new project sales and marketing. The agency operates primarily across the Klang Valley, Negeri Sembilan, Pahang, Penang and Johor, with services ranging from residential sales to Malaysia My Second Home (MM2H) consultation.","Joe Wong（Joe See How Wong）是 Summerfield Property (M) Sdn. Bhd. 的创办人兼董事，该房地产公司专注于新项目销售与市场推广。公司业务主要覆盖巴生谷、森美兰、彭亨、槟城与柔佛，服务范围涵盖住宅销售至马来西亚第二家园计划（MM2H）咨询。","","","about.p2","/about/","Body paragraph 2","","","Place names (Klang Valley, Negeri Sembilan, Pahang, Penang, Johor) may be localized to standard MS/JA equivalents; ""MM2H"" acronym stays"
"Enquiries are handled directly on WhatsApp, with private briefings arranged at our Bukit Bintang Showroom (Kuala Lumpur) or Lexis Hibiscus Port Dickson Sales Gallery for buyers who would like to review the full villa and programme documentation in person.","所有咨询皆直接透过 WhatsApp 处理；如买家希望亲自查阅完整的别墅与计划文件，我们也可安排在 Bukit Bintang Showroom（吉隆坡）或 Lexis Hibiscus Port Dickson Sales Gallery 进行私人简报。","","","about.p3","/about/","Body paragraph 3","","",""
"Marketing by an authorised real estate negotiator. This is not the developer's official website.","本网站由授权房地产经纪人营销制作，并非发展商官方网站。","","","about.disclosure","/about/","Inline disclosure box","","Y","Duplicate of global.footer.legal1"
"Direct WhatsApp Access","WhatsApp 直接联系","","","about.card1.heading","/about/","Card 1 heading","","",""
"Questions answered directly — no call centre.","问题即时解答，无需透过客服中心。","","","about.card1.body","/about/","Card 1 body","","",""
"Private Briefings","私人简报","","","about.card2.heading","/about/","Card 2 heading","","",""
"Full documentation reviewed together at Bukit Bintang Showroom, Kuala Lumpur (open daily, 10am – 4pm) or our Lexis Hibiscus Port Dickson Sales Gallery.","可在吉隆坡 Bukit Bintang Showroom（每日上午10时至下午4时开放）或 Lexis Hibiscus Port Dickson Sales Gallery，一同查阅完整文件。","","","about.card2.body","/about/","Card 2 body","","",""
"No Obligation","无需承诺","","","about.card3.heading","/about/","Card 3 heading","","",""
"Enquire, ask questions, decide in your own time.","欢迎咨询、提问，并按自己的步调做决定。","","","about.card3.body","/about/","Card 3 body","","",""
"Contact | Lexis Hibiscus 2, Port Dickson","联系我们｜Lexis Hibiscus 2, Port Dickson","","","contact.meta.title","/contact/","<title>","","",""
"Contact our consultant about Lexis Hibiscus 2, Port Dickson — WhatsApp, email or book a private briefing at Bukit Bintang Showroom.","透过 WhatsApp、电邮联系我们的顾问，或预约在 Bukit Bintang Showroom 进行的 Lexis Hibiscus 2（Port Dickson）私人简报。","","","contact.meta.description","/contact/","Meta description","","",""
"Contact — Lexis Hibiscus 2","联系我们 — Lexis Hibiscus 2","","","contact.og.title","/contact/","og:title","","",""
"WhatsApp, email or book a private briefing at Bukit Bintang Showroom about Lexis Hibiscus 2, Port Dickson.","透过 WhatsApp、电邮联系，或预约在 Bukit Bintang Showroom 进行的 Lexis Hibiscus 2（Port Dickson）私人简报。","","","contact.og.description","/contact/","og:description","","",""
"Talk to Our Consultant","与我们的顾问联系","","","contact.h1","/contact/","H1","","",""
"WhatsApp","WhatsApp","","","contact.card1.heading","/contact/","Card 1 heading","Y","",""
"The fastest way to reach us — villa details, pricing and viewing times.","联系我们最快的方式——别墅详情、价格与参观时间。","","","contact.card1.body","/contact/","Card 1 body","","",""
"Private Briefing Venues","私人简报地点","","","contact.card2.heading","/contact/","Card 2 heading","","","Plural as of 2026-07-19 (two venues now listed)"
"Bukit Bintang Showroom, Kuala Lumpur","Bukit Bintang Showroom, Kuala Lumpur","","","contact.card2.venue_name","/contact/","Venue name","Y","","Venue 1 of 2. Kept in English/Romanized form in every language."
"L12, Pavilion Tower, 75 Jalan Raja Chulan, 50200 Kuala Lumpur","L12, Pavilion Tower, 75 Jalan Raja Chulan, 50200 Kuala Lumpur","","","contact.card2.venue1_address","/contact/","Venue 1 address","Y","","Row repurposed 2026-07-19 (was a placeholder 'Venue details to be confirmed' — now the confirmed address). Addresses stay in Romanized form, unchanged, in every language."
"Open daily, 10am – 4pm","每日开放，上午10时至下午4时","","","contact.card2.venue1_hours","/contact/","Venue 1 hours","","","Venue 2 (Port Dickson) hours not yet confirmed — omitted from the site rather than shown as a placeholder, per project convention (see PENDING-ITEMS.md)"
"Lexis Hibiscus Port Dickson Sales Gallery","Lexis Hibiscus Port Dickson Sales Gallery","","","contact.card2.venue2_name","/contact/","Venue 2 name","Y","","Venue 2 of 2, added 2026-07-19. ""Sales Gallery"" is a descriptive label pending confirmation of an official name (see approved-facts.md §8) — kept in English/Romanized form in every language."
"Ground Floor, Lexis Hibiscus Port Dickson, Batu 12, Jalan Pantai, Pasir Panjang, 71250 Port Dickson","Ground Floor, Lexis Hibiscus Port Dickson, Batu 12, Jalan Pantai, Pasir Panjang, 71250 Port Dickson","","","contact.card2.venue2_address","/contact/","Venue 2 address","Y","","Addresses stay in Romanized form, unchanged, in every language. No hours shown for this venue — not yet confirmed."
"Call or WhatsApp: +60 12-297 0362","致电或 WhatsApp：+60 12-297 0362","","","contact.card2.phone","/contact/","Shared phone line (both venues)","Partial","","Row repurposed 2026-07-19 (was a placeholder — now the confirmed number, same as the WhatsApp CTA number). Keep the digits/format unchanged; only 'Call or WhatsApp:' / label text translates."
"Marketing by an authorised real estate negotiator. This is not the developer's official website.","本网站由授权房地产经纪人营销制作，并非发展商官方网站。","","","contact.disclosure","/contact/","Inline disclosure box","","Y","Duplicate of global.footer.legal1"
"Own a Villa at Lexis Hibiscus 2, Port Dickson | Private-Pool Living","在 Lexis Hibiscus 2（Port Dickson）拥有别墅｜私人泳池生活","","","villas.meta.title","/villas/","<title>","","",""
"Overwater villas with private pools at Lexis Hibiscus 2, Port Dickson — managed by the award-winning Lexis Hotel Group. From RM774,000.","Lexis Hibiscus 2（Port Dickson）的水上私人泳池别墅——由屡获殊荣的 Lexis Hotel Group 管理。价格由 RM774,000 起。","","","villas.meta.description","/villas/","Meta description","","",""
"Own a Villa at Lexis Hibiscus 2, Port Dickson","在 Lexis Hibiscus 2（Port Dickson）拥有别墅","","","villas.og.title","/villas/","og:title","","",""
"Overwater villas with private pools at Malaysia's next landmark resort. Managed by Lexis Hotel Group. From RM774,000.","马来西亚下一个地标度假村的水上私人泳池别墅。由 Lexis Hotel Group 管理。价格由 RM774,000 起。","","","villas.og.description","/villas/","og:description","","",""
"Hi, I'd like to book a viewing and get villa pricing for Lexis Hibiscus 2.","您好，我想预约参观 Lexis Hibiscus 2 并了解别墅价格。","","","villas.wa_text","/villas/","WhatsApp prefill (data-wa-text)","","",""
"Lexis Hibiscus 2 · Port Dickson, Malaysia","Lexis Hibiscus 2 · Port Dickson，马来西亚","","","villas.hero.eyebrow","/villas/","Hero eyebrow","Partial","","Same string reused on /rental-programme/"
"Own an Overwater Villa at Lexis Hibiscus 2, Every One With Its Own Private Pool","拥有 Lexis Hibiscus 2 水上别墅，每户皆配备私人泳池","","","villas.hero.h1","/villas/","H1","","",""
"Private-pool villas at Malaysia's next landmark resort in Port Dickson, professionally managed by the award-winning Lexis Hotel Group. Ownership from RM774,000.","马来西亚下一个地标度假村坐落于 Port Dickson，配备私人泳池别墅，由屡获殊荣的 Lexis Hotel Group 专业管理。业权价格由 RM774,000 起。","","","villas.hero.subhead","/villas/","Hero subheadline","","",""
"2× Guinness World Records","2项健力士世界纪录","","","villas.hero.bullet1","/villas/","Hero bullet list item 1","","",""
"Award-winning Lexis hospitality brand","屡获殊荣的 Lexis 酒店品牌","","","villas.hero.bullet2","/villas/","Hero bullet list item 2","","",""
"Developer since 1996","1996年创立的发展商","","","villas.hero.bullet3","/villas/","Hero bullet list item 3","","",""
"From RM774,000","RM774,000 起","","","villas.hero.bullet4","/villas/","Hero bullet list item 4","Partial","","Keep RM774,000 unchanged"
"Aerial artist impression of Lexis Hibiscus 2 resort, Port Dickson","Lexis Hibiscus 2 度假村鸟瞰效果图，位于 Port Dickson","","","villas.hero.image_alt","/villas/","Hero image alt","","","Same as home.hero.image_alt"
"The Villas","别墅","","","villas.options.eyebrow","/villas/","Villa options section eyebrow","","",""
"A Villa Built Around Your Own Pool","专属私人泳池的别墅设计","","","villas.options.h2","/villas/","Villa options H2","","",""
"Two floor layouts, both designed for space and privacy — every home comes with its own private swimming pool, ideal for families who want a resort lifestyle they can call their own.","两种楼层布局，皆着重空间感与私密性——每户皆配备私人泳池，是渴望拥有专属度假生活的家庭理想之选。","","","villas.options.body","/villas/","Villa options section body","","",""
"Type A Upper floor plan — 872 sq ft overwater villa with private pool, 2 bedrooms and 2 bathrooms","A 型上层户型平面图——872平方尺水上别墅，配备私人泳池，2房2卫","","","villas.upper.image_alt","/villas/","Villa card image alt","","",""
"Type A — Upper","A 型 — 上层","","","villas.upper.heading","/villas/","Villa card heading","","",""
"872 sq ft · 81.14 m² · private pool","872平方尺 · 81.14平方米 · 私人泳池","","","villas.upper.feature1","/villas/","Villa card feature line","Partial","","Keep sq ft / m² figures unchanged"
"2 bedrooms · 2 bathrooms · balcony","2房2卫 · 阳台","","","villas.upper.feature2","/villas/","Villa card feature line","","",""
"Elevated water outlook","高台水景视野","","","villas.upper.feature3","/villas/","Villa card feature line","","",""
"From RM774,000*","RM774,000* 起","","","villas.upper.price","/villas/","Villa card price","Partial","","Keep RM774,000 and * unchanged"
"Type A Lower floor plan — 858 sq ft overwater villa with private pool, 2 bedrooms and 2 bathrooms","A 型下层户型平面图——858平方尺水上别墅，配备私人泳池，2房2卫","","","villas.lower.image_alt","/villas/","Villa card image alt","","",""
"Type A — Lower","A 型 — 下层","","","villas.lower.heading","/villas/","Villa card heading","","",""
"858 sq ft · 79.75 m² · private pool","858平方尺 · 79.75平方米 · 私人泳池","","","villas.lower.feature1","/villas/","Villa card feature line","Partial","","Keep sq ft / m² figures unchanged"
"2 bedrooms · 2 bathrooms · balcony","2房2卫 · 阳台","","","villas.lower.feature2","/villas/","Villa card feature line","","",""
"Direct water access level","水平面直达楼层","","","villas.lower.feature3","/villas/","Villa card feature line","","",""
"From RM774,000*","RM774,000* 起","","","villas.lower.price","/villas/","Villa card price","Partial","","Keep RM774,000 and * unchanged"
"The resort will comprise 1,734 rooms in total — 910 overwater villas offered for ownership, plus 800 tower rooms and 24 aquarium rooms, with a sunken aquarium restaurant and the largest ballroom in Negeri Sembilan. Completion targeted 2029. *Pricing subject to availability and official price list.","度假村总共规划1,734间房——910间供业权拥有的水上别墅，另设800间塔楼客房及24间水族客房，并设有沉降式水族餐厅及森美兰州最大宴会厅。竣工目标为2029年。*价格视单位供应情况及官方价目表而定。","","","villas.options.footnote","/villas/","Villa options section footnote","","",""
"Step Inside","走进样板房","","","villas.gallery.eyebrow","/villas/","Gallery section eyebrow","","",""
"Walk Through the Show Unit","样板房实景导览","","","villas.gallery.h2","/villas/","Gallery section H2","","",""
"Actual photography of the Type A show unit, alongside renders of the wider resort.","A 型样板房实景照片，以及度假村整体效果图。","","","villas.gallery.body","/villas/","Gallery section body","","",""
"Type A show unit exterior at dusk","A 型样板房黄昏外观","","","villas.gallery.image1_alt","/villas/","Gallery image alt","","",""
"Private pool and deck of the Type A show unit","A 型样板房的私人泳池与露台","","","villas.gallery.image2_alt","/villas/","Gallery image alt","","",""
"Bedroom of the Type A show unit","A 型样板房卧室","","","villas.gallery.image3_alt","/villas/","Gallery image alt","","",""
"Second bedroom of the Type A show unit","A 型样板房第二间卧室","","","villas.gallery.image4_alt","/villas/","Gallery image alt","","",""
"Bathroom of the Type A show unit","A 型样板房浴室","","","villas.gallery.image5_alt","/villas/","Gallery image alt","","",""
"Artist impression of the villas at Lexis Hibiscus 2","Lexis Hibiscus 2 别墅效果图","","","villas.gallery.image6_alt","/villas/","Gallery image alt","","",""
"Artist impression","效果图","","","villas.gallery.image6_caption","/villas/","Gallery image figcaption","","","Short-form of home.hero.caption, reused across many render images sitewide"
"The Destination","度假胜地","","","villas.location.eyebrow","/villas/","Location section eyebrow","","",""
"An 80-Acre Resort Made for Family Retreats","80英亩打造的家庭度假胜地","","","villas.location.h2","/villas/","Location section H2","","",""
"An 80-acre 5-star resort development adjacent to the existing Lexis Hibiscus","80英亩五星级度假村项目，毗邻现有的 Lexis Hibiscus","","","villas.location.bullet1","/villas/","Location bullet","","",""
"Every villa comes with its own private swimming pool","每户别墅皆配备私人泳池","","","villas.location.bullet2","/villas/","Location bullet","","",""
"Easy to reach — KLIA 55 km · Kuala Lumpur 100 km · Malacca 80 km","交通便利——距吉隆坡国际机场（KLIA）55公里 · 吉隆坡100公里 · 马六甲80公里","","","villas.location.bullet3","/villas/","Location bullet","Partial","","Distances stay unchanged; ""KLIA"", ""Kuala Lumpur"", ""Malacca"" may localize to standard MS/JA place names"
"10 complimentary owner nights every year — your family's annual retreat, built in","每年10晚免费入住——专属您家庭的年度度假时光","","","villas.location.bullet4","/villas/","Location bullet","","",""
"Resort dining, water park, water sports, spa, sky bar, kids' club and gym planned across the grounds","度假村内规划餐饮、水上乐园、水上活动、水疗中心、空中酒吧、儿童俱乐部及健身房等设施","","","villas.location.bullet5","/villas/","Location bullet","","",""
"Artist impression of the infinity pool and feature pavilion at Lexis Hibiscus 2","Lexis Hibiscus 2 无边泳池与特色凉亭效果图","","","villas.location.image1_alt","/villas/","Location image alt","","",""
"Artist impression of the floating pool bar at night, Lexis Hibiscus 2","Lexis Hibiscus 2 夜间浮动泳池吧效果图","","","villas.location.image2_alt","/villas/","Location image alt","","",""
"Location map showing Lexis Hibiscus 2 in Port Dickson relative to Kuala Lumpur and KLIA","显示 Lexis Hibiscus 2（Port Dickson）与吉隆坡及吉隆坡国际机场相对位置的地理位置图","","","villas.location.image3_alt","/villas/","Location map alt","","",""
"Developer & Operator","发展商与营运商","","","villas.track.eyebrow","/villas/","Track record section eyebrow","","","Same string reused on /rental-programme/"
"Built on Decades of Hospitality Experience","数十年酒店管理经验的坚实基础","","","villas.track.h2","/villas/","Track record section H2","","",""
"2× Guinness World Records","2项健力士世界纪录","","","villas.track1.heading","/villas/","Track record card heading","","",""
"Most swimming pools in a resort; most overwater villas in a single resort — held by the existing Lexis Hibiscus, verified 2016.","度假村内泳池数量最多；单一度假村水上别墅数量最多——由现有 Lexis Hibiscus 保持，于2016年获认证。","","","villas.track1.body","/villas/","Track record card body","","",""
"Developer since 1996","1996年创立的发展商","","","villas.track2.heading","/villas/","Track record card heading","","",""
"KL Metro Property Development Sdn. Bhd., a member of Kuala Lumpur Metro Group.","KL Metro Property Development Sdn. Bhd.，隶属于 Kuala Lumpur Metro Group。","","","villas.track2.body","/villas/","Track record card body","Y","",""
"10.2 million guests","1,020万旅客","","","villas.track3.heading","/villas/","Track record card heading","","",""
"Tourists from 186 countries hosted across Lexis resorts since 2006.","自2006年起，Lexis 旗下度假村已接待来自186个国家的旅客。","","","villas.track3.body","/villas/","Track record card body","","",""
"Rental paid since 2006","自2006年起发放租金","","","villas.track4.heading","/villas/","Track record card heading","","Y",""
"Rental honoured to owners across Lexis properties since 2006.","自2006年起，Lexis 旗下物业持续向业主发放租金。","","","villas.track4.body","/villas/","Track record card body","","",""
"60+ international awards","60多项国际奖项","","","villas.track5.heading","/villas/","Track record card heading","","",""
"Including World Luxury Hotel Awards and World Travel Awards across multiple years.","包括历年荣获的 World Luxury Hotel Awards 与 World Travel Awards 等奖项。","","","villas.track5.body","/villas/","Track record card body","Y","",""
"Effortless Ownership","轻松拥有","","","villas.ownership.eyebrow","/villas/","Ownership section eyebrow","","Y",""
"Ownership, Without the Upkeep","拥有别墅，无需操心打理","","","villas.ownership.h2","/villas/","Ownership section H2","","Y",""
"Your villa is furnished, maintained and operated by Lexis Hotel Group under a structured 15-year rental programme — a fixed rental phase for the first three years, followed by a profit-sharing phase for the remaining twelve. You enjoy the resort and the rental income; the operator handles everything else.","在为期15年的结构化租赁计划下，您的别墅将由 Lexis Hotel Group 负责装修、维护与营运——首三年为固定租金阶段，其余十二年则为利润分享阶段。您可尽享度假村生活与租金收入，其余事务全交由营运商处理。","","","villas.ownership.body1","/villas/","Ownership section body","","Y","Core compliance-sensitive programme description — no percentages/guarantee language, mirror this register exactly for MS/JA"
"Programme details are available on request — via WhatsApp or the Rental Programme page.","计划详情可应要求提供——欢迎透过 WhatsApp 或租赁计划页面查询。","","","villas.ownership.body2","/villas/","Ownership section body","","Y","""Rental Programme page"" is a hyperlink to /rental-programme/ (language-equivalent)"
"Programme details are subject to the official sale and tenancy/leaseback agreements. Rental programme terms, availability and conditions may change according to official agreements and project requirements. Interested buyers should review the complete terms with the authorised sales representative before making any decision.","计划详情以正式的买卖及租赁／回租协议为准。租赁计划条款、供应情况及条件可能根据正式协议及项目要求而有所变动。有意买家在作出任何决定前，应与授权销售代表一同审阅完整条款。","","","villas.ownership.disclosure","/villas/","Ownership section disclosure box","","Y","Duplicated verbatim on /rental-programme/ (rental.disclosure adds a ""Please note:"" lead-in)"
"Common Questions","常见问题","","","villas.faq.eyebrow","/villas/","FAQ section eyebrow","","","Same string reused on /rental-programme/"
"Before You Enquire","咨询前须知","","","villas.faq.h2","/villas/","FAQ section H2","","",""
"Can I use the villa myself?","我可以自己使用别墅吗？","","","villas.faq.q1","/villas/","FAQ question 1","","",""
"Yes — owners taking part in the rental programme enjoy 10 complimentary nights' stay per year at the resort.","可以——参与租赁计划的业主每年可享有10晚免费入住度假村。","","","villas.faq.a1","/villas/","FAQ answer 1","","Y","Also appears (near-identically) in this page's FAQPage JSON-LD; ZH ships identical wording in both places — do the same for MS/JA"
"Who maintains and furnishes it?","谁负责装修与维护？","","","villas.faq.q2","/villas/","FAQ question 2","","",""
"Lexis Hotel Group furnishes, maintains and operates the villa under the rental programme. Owners are not involved in day-to-day operations.","在租赁计划下，别墅的装修、维护与营运皆由 Lexis Hotel Group 负责。业主无需参与日常营运。","","","villas.faq.a2","/villas/","FAQ answer 2","","Y","Also in FAQPage JSON-LD — keep identical wording"
"What villa types and sizes are available?","有哪些别墅户型与面积可供选择？","","","villas.faq.q3","/villas/","FAQ question 3","","",""
"Type A villas, each with a private pool: Upper (872 sq ft / 81.14 m², elevated water outlook) and Lower (858 sq ft / 79.75 m², direct water access level), each with 2 bedrooms, 2 bathrooms and a balcony. The resort comprises 1,734 rooms in total — 910 overwater villas offered for ownership, plus 800 tower rooms and 24 aquarium rooms.","A 型别墅，每户皆配备私人泳池：上层户型（872平方尺／81.14平方米，高台水景视野）与下层户型（858平方尺／79.75平方米，水平面直达楼层），皆为2房2卫连阳台。度假村总共规划1,734间房——910间供业权拥有的水上别墅，另设800间塔楼客房及24间水族客房。","","","villas.faq.a3","/villas/","FAQ answer 3","","","Also in FAQPage JSON-LD with slightly different EN wording — ZH normalizes to one wording; do the same for MS/JA"
"Starting price and payment process?","起价与付款流程？","","","villas.faq.q4","/villas/","FAQ question 4","","",""
"Villas are offered from RM774,000, subject to availability and official pricing. A booking fee applies, refundable upon loan disbursement, with bank end-financing available for qualified purchasers — full breakdown at consultation.","别墅价格由 RM774,000 起，视单位供应情况及官方价格而定。买家须支付订金，该订金将在贷款发放后退还，合资格买家亦可申请银行房贷——完整明细将于咨询时提供。","","","villas.faq.a4","/villas/","FAQ answer 4","Partial","","Keep RM774,000 unchanged. Also in FAQPage JSON-LD with slightly different wording — normalize as above"
"Can foreigners buy?","外国人可以购买吗？","","","villas.faq.q5","/villas/","FAQ question 5","","",""
"Yes, subject to minimum price thresholds that vary by state, and separate rules apply to Malaysia My Second Home (MM2H) participants. Confirm the current threshold for Negeri Sembilan with Summerfield before committing.","可以，惟须符合各州属不同的最低购买价格门槛，马来西亚第二家园计划（MM2H）参与者则另有规定。请在作出决定前，向 Summerfield 确认森美兰州现行的门槛。","","","villas.faq.a5","/villas/","FAQ answer 5","Partial","","""Summerfield"" and ""MM2H"" verbatim. Also in FAQPage JSON-LD — identical wording"
"How do I arrange a viewing or consultation?","如何安排参观或咨询？","","","villas.faq.q6","/villas/","FAQ question 6","","",""
"Contact us on WhatsApp or via the form below to arrange a private briefing at Bukit Bintang Showroom.","请透过下方 WhatsApp 或表格联系我们，以安排在 Bukit Bintang Showroom 进行的私人简报。","","","villas.faq.a6","/villas/","FAQ answer 6","","","Also in FAQPage JSON-LD with slightly different wording (""via the form"" vs ""via the form below"") — ZH normalizes to one wording"
"Next Step","下一步","","","villas.final.eyebrow","/villas/","Final CTA section eyebrow","","","Same string reused on /rental-programme/"
"Your Villa at Lexis Hibiscus 2 Starts With a Conversation","您与 Lexis Hibiscus 2 别墅的缘份，由一次对话开始","","","villas.final.h2","/villas/","Final CTA section H2","","",""
"Request the latest brochure, pricing and a private consultation with our consultant.","立即索取最新宣传册、价格资讯，并预约与我们顾问的私人咨询。","","","villas.final.body","/villas/","Final CTA section body","","",""
"Prefer a callback? Use the form and our consultant will reach out on WhatsApp with villa details, pricing and viewing times.","希望我们回电？请填写表格，我们的顾问将透过 WhatsApp 与您联系，提供别墅详情、价格及参观时间。","","","villas.final.small_text","/villas/","Final CTA section small print","","",""
"15-Year Rental Programme | Lexis Hibiscus 2, Port Dickson","15年期租赁计划｜Lexis Hibiscus 2, Port Dickson","","","rental.meta.title","/rental-programme/","<title>","","Y",""
"Own a private-pool villa at Lexis Hibiscus 2, Port Dickson, under a structured 15-year rental programme managed by Lexis Hotel Group. Rental paid to owners since 2006. From RM774,000.","在 Lexis Hibiscus 2（Port Dickson）拥有私人泳池别墅，参与由 Lexis Hotel Group 管理的15年期结构化租赁计划。自2006年起持续向业主发放租金。价格由 RM774,000 起。","","","rental.meta.description","/rental-programme/","Meta description","","Y",""
"A 15-Year Managed Rental Programme — Lexis Hibiscus 2","15年期管理式租赁计划 — Lexis Hibiscus 2","","","rental.og.title","/rental-programme/","og:title","","Y",""
"Structured 15-year rental programme, operator track record since 2006. Villas from RM774,000.","15年期结构化租赁计划，营运商自2006年起累积实绩。别墅价格由 RM774,000 起。","","","rental.og.description","/rental-programme/","og:description","","Y",""
"Hi, I'd like to book a consultation for the full 15-year rental programme terms for Lexis Hibiscus 2.","您好，我想预约咨询，了解 Lexis Hibiscus 2 完整的15年期租赁计划条款。","","","rental.wa_text","/rental-programme/","WhatsApp prefill (data-wa-text)","","Y",""
"Lexis Hibiscus 2 · Port Dickson, Malaysia","Lexis Hibiscus 2 · Port Dickson，马来西亚","","","rental.hero.eyebrow","/rental-programme/","Hero eyebrow","Partial","","Same as villas.hero.eyebrow"
"A 15-Year Managed Rental Programme — Own a Private Pool Villa at Lexis Hibiscus 2","15年期管理式租赁计划——拥有 Lexis Hibiscus 2 私人泳池别墅","","","rental.hero.h1","/rental-programme/","H1","","Y",""
"A hospitality-managed resort property in Port Dickson with a structured 15-year rental programme, run by an operator with a track record since 2006. Villas from RM774,000.","位于 Port Dickson 的酒店式管理度假物业，配备15年期结构化租赁计划，由自2006年起累积实绩的营运商负责运营。别墅价格由 RM774,000 起。","","","rental.hero.subhead","/rental-programme/","Hero subheadline","","Y",""
"15-Year Rental Programme","15年期租赁计划","","","rental.hero.bullet1","/rental-programme/","Hero bullet","","Y",""
"Rental paid to owners since 2006","自2006年起向业主发放租金","","","rental.hero.bullet2","/rental-programme/","Hero bullet","","Y",""
"2× Guinness World Records","2项健力士世界纪录","","","rental.hero.bullet3","/rental-programme/","Hero bullet","","",""
"From RM774,000","RM774,000 起","","","rental.hero.bullet4","/rental-programme/","Hero bullet","Partial","","Keep RM774,000 unchanged"
"Artist impression of overwater villas at Lexis Hibiscus 2, Port Dickson, illuminated at night","Lexis Hibiscus 2（Port Dickson）水上别墅夜间灯光效果图","","","rental.hero.image_alt","/rental-programme/","Hero image alt","","",""
"The Programme","计划详情","","","rental.programme.eyebrow","/rental-programme/","How-it-works section eyebrow","","Y",""
"Own It. They Run It. You Benefit.","您拥有，他们营运，您受益","","","rental.programme.h2","/rental-programme/","How-it-works section H2","","Y",""
"A professionally managed rental programme structured over 15 years — the full mechanics are explained in your private consultation.","为期15年的专业管理租赁计划——完整机制将于您的私人咨询中详细说明。","","","rental.programme.body","/rental-programme/","How-it-works section body","","Y",""
"Structured 15-Year Rental Programme","15年期结构化租赁计划","","","rental.card1.heading","/rental-programme/","Programme grid card heading","","Y",""
"A long-term programme with clear phases, set out in the official tenancy agreement.","长期计划，各阶段清晰划分，载于正式租赁协议。","","","rental.card1.body","/rental-programme/","Programme grid card body","","Y",""
"Operator Covers Upkeep & Outgoings","营运商负责维护与支出","","","rental.card2.heading","/rental-programme/","Programme grid card heading","","Y",""
"Furnishing, maintenance and daily operations are fully handled for you.","装修、维护与日常营运全权由营运商处理。","","","rental.card2.body","/rental-programme/","Programme grid card body","","Y",""
"Rental Track Record Since 2006","自2006年起的租金发放实绩","","","rental.card3.heading","/rental-programme/","Programme grid card heading","","Y",""
"Backed by an operator with a rental payment history across Lexis properties.","由旗下物业拥有租金发放实绩的营运商作为后盾。","","","rental.card3.body","/rental-programme/","Programme grid card body","","Y",""
"10 Complimentary Owner Nights a Year","每年10晚业主免费入住","","","rental.card4.heading","/rental-programme/","Programme grid card heading","","Y",""
"Your villa is also your family's annual resort retreat.","您的别墅同时也是家庭每年的度假胜地。","","","rental.card4.body","/rental-programme/","Programme grid card body","","Y",""
"Flexible Exit With Written Notice","书面通知即可灵活退出","","","rental.card5.heading","/rental-programme/","Programme grid card heading","","Y",""
"Owners may end the tenancy with advance written notice.","业主可提前发出书面通知以终止租赁。","","","rental.card5.body","/rental-programme/","Programme grid card body","","Y",""
"Managed by Lexis Hotel Group","由 Lexis Hotel Group 管理","","","rental.card6.heading","/rental-programme/","Programme grid card heading","","Y",""
"An award-winning operator overseeing daily resort operations.","由屡获殊荣的营运商负责度假村日常营运。","","","rental.card6.body","/rental-programme/","Programme grid card body","","Y",""
"Please note: Programme details are subject to the official sale and tenancy/leaseback agreements. Rental programme terms, availability and conditions may change according to official agreements and project requirements. Interested buyers should review the complete terms with the authorised sales representative before making any decision.","请注意：计划详情以正式的买卖及租赁／回租协议为准。租赁计划条款、供应情况及条件可能根据正式协议及项目要求而有所变动。有意买家在作出任何决定前，应与授权销售代表一同审阅完整条款。","","","rental.disclosure","/rental-programme/","Disclosure box","","Y","Same base text as villas.ownership.disclosure with a ""Please note:"" lead-in added"
"Get Pricing & Programme Overview","索取价格与计划概况","","","rental.gate.heading","/rental-programme/","Mid-page CTA gate heading","","Y",""
"Get villa pricing and a project overview, sent to you directly via WhatsApp.","别墅价格与项目概况，将直接透过 WhatsApp 发送给您。","","","rental.gate.body","/rental-programme/","Mid-page CTA gate body","","Y",""
"Developer & Operator","发展商与营运商","","","rental.track.eyebrow","/rental-programme/","Track record section eyebrow","","","Same as villas.track.eyebrow"
"An Operator With a Rental Track Record Since 2006","自2006年起累积租金发放实绩的营运商","","","rental.track.h2","/rental-programme/","Track record section H2","","Y",""
"Rental paid since 2006","自2006年起发放租金","","","rental.track1.heading","/rental-programme/","Track record card heading","","Y",""
"Rental honoured to owners across Lexis properties since 2006.","自2006年起，Lexis 旗下物业持续向业主发放租金。","","","rental.track1.body","/rental-programme/","Track record card body","","Y",""
"2× Guinness World Records","2项健力士世界纪录","","","rental.track2.heading","/rental-programme/","Track record card heading","","",""
"Most swimming pools in a resort; most overwater villas in a single resort — existing Lexis Hibiscus, verified 2016.","度假村内泳池数量最多；单一度假村水上别墅数量最多——现有 Lexis Hibiscus，于2016年获认证。","","","rental.track2.body","/rental-programme/","Track record card body","","",""
"Developer since 1996","1996年创立的发展商","","","rental.track3.heading","/rental-programme/","Track record card heading","","",""
"KL Metro Property Development Sdn. Bhd., a member of Kuala Lumpur Metro Group.","KL Metro Property Development Sdn. Bhd.，隶属于 Kuala Lumpur Metro Group。","","","rental.track3.body","/rental-programme/","Track record card body","Y","",""
"10.2 million guests","1,020万旅客","","","rental.track4.heading","/rental-programme/","Track record card heading","","",""
"Tourists from 186 countries hosted across Lexis resorts since 2006.","自2006年起，Lexis 旗下度假村已接待来自186个国家的旅客。","","","rental.track4.body","/rental-programme/","Track record card body","","",""
"60+ international awards","60多项国际奖项","","","rental.track5.heading","/rental-programme/","Track record card heading","","",""
"Including World Luxury Hotel Awards and World Travel Awards across multiple years.","包括历年荣获的 World Luxury Hotel Awards 与 World Travel Awards 等奖项。","","","rental.track5.body","/rental-programme/","Track record card body","Y","",""
"The Villas","别墅","","","rental.villas.eyebrow","/rental-programme/","Villa pricing section eyebrow","","",""
"Villa Options Under the Programme","计划下的别墅选择","","","rental.villas.h2","/rental-programme/","Villa pricing section H2","","Y",""
"Type A Upper floor plan — 872 sq ft overwater villa with private pool, 2 bedrooms and 2 bathrooms","A 型上层户型平面图——872平方尺水上别墅，配备私人泳池，2房2卫","","","rental.villas.upper.image_alt","/rental-programme/","Villa card image alt","","","Same as villas.upper.image_alt"
"Type A — Upper","A 型 — 上层","","","rental.villas.upper.heading","/rental-programme/","Villa card heading","","",""
"Private pool · balcony","私人泳池 · 阳台","","","rental.villas.upper.feature1","/rental-programme/","Villa card feature line","","",""
"872 sq ft · 81.14 m² · 2 bedrooms · 2 bathrooms","872平方尺 · 81.14平方米 · 2房2卫","","","rental.villas.upper.feature2","/rental-programme/","Villa card feature line","Partial","","Keep sq ft / m² figures unchanged"
"From RM774,000*","RM774,000* 起","","","rental.villas.upper.price","/rental-programme/","Villa card price","Partial","","Keep RM774,000 and * unchanged"
"Type A Lower floor plan — 858 sq ft overwater villa with private pool, 2 bedrooms and 2 bathrooms","A 型下层户型平面图——858平方尺水上别墅，配备私人泳池，2房2卫","","","rental.villas.lower.image_alt","/rental-programme/","Villa card image alt","","","Same as villas.lower.image_alt"
"Type A — Lower","A 型 — 下层","","","rental.villas.lower.heading","/rental-programme/","Villa card heading","","",""
"Private pool · balcony","私人泳池 · 阳台","","","rental.villas.lower.feature1","/rental-programme/","Villa card feature line","","",""
"858 sq ft · 79.75 m² · 2 bedrooms · 2 bathrooms","858平方尺 · 79.75平方米 · 2房2卫","","","rental.villas.lower.feature2","/rental-programme/","Villa card feature line","Partial","","Keep sq ft / m² figures unchanged"
"From RM774,000*","RM774,000* 起","","","rental.villas.lower.price","/rental-programme/","Villa card price","Partial","","Keep RM774,000 and * unchanged"
"1,734 rooms in total — 910 overwater villas offered for ownership, 800 tower rooms and 24 aquarium rooms, with a sunken aquarium restaurant and the largest ballroom in Negeri Sembilan. Completion targeted 2029. Project GDV RM1.6 billion. *Pricing subject to availability and official price list.","总共1,734间房——910间供业权拥有的水上别墅、800间塔楼客房及24间水族客房，并设有沉降式水族餐厅及森美兰州最大宴会厅。竣工目标为2029年。项目总发展价值（GDV）为RM16亿。*价格视单位供应情况及官方价目表而定。","","","rental.villas.footnote","/rental-programme/","Villa pricing section footnote","Partial","","Keep all figures (1,734 / 910 / 800 / 24 / 2029 / RM1.6 billion) unchanged"
"Purchasing","购买流程","","","rental.purchase.eyebrow","/rental-programme/","Purchase process section eyebrow","","",""
"A Straightforward Purchase Process","简单直接的购买流程","","","rental.purchase.h2","/rental-programme/","Purchase process section H2","","",""
"From RM774,000","RM774,000 起","","","rental.purchase.card1.heading","/rental-programme/","Purchase process card heading","Partial","","Keep RM774,000 unchanged"
"Entry pricing across villa types, subject to availability and official pricing.","各户型起价，视单位供应情况及官方价格而定。","","","rental.purchase.card1.body","/rental-programme/","Purchase process card body","","",""
"Foreign buyers welcome","欢迎外国买家","","","rental.purchase.card2.heading","/rental-programme/","Purchase process card heading","","",""
"Yes, subject to minimum price thresholds that vary by state, and separate rules apply to MM2H participants. Confirm the current threshold for Negeri Sembilan with our consultant before committing.","可以，惟须符合各州属不同的最低购买价格门槛，MM2H 参与者则另有规定。请在作出决定前，向我们的顾问确认森美兰州现行的门槛。","","","rental.purchase.card2.body","/rental-programme/","Purchase process card body","Partial","","""MM2H"" verbatim"
"Common Questions","常见问题","","","rental.faq.eyebrow","/rental-programme/","FAQ section eyebrow","","","Same as villas.faq.eyebrow"
"Before You Decide","决定前须知","","","rental.faq.h2","/rental-programme/","FAQ section H2","","",""
"What happens after the first 3 years?","首3年后会如何？","","","rental.faq.q1","/rental-programme/","FAQ question 1","","Y",""
"From years 4 to 15, the programme moves to a profit-sharing phase, paid monthly and apportioned among participating owners. Exact terms are set out in the official sale and tenancy/leaseback agreements — reach out via WhatsApp for more details.","第4年至第15年，计划将进入利润分享阶段，按月支付，并在参与业主之间分配。确切条款载于正式的买卖及租赁／回租协议——欢迎透过 WhatsApp 了解更多详情。","","","rental.faq.a1","/rental-programme/","FAQ answer 1","","Y","Also in FAQPage JSON-LD with a slightly longer question wording — ZH normalizes to identical answer text"
"Can I stay in my own villa?","我可以入住自己的别墅吗？","","","rental.faq.q2","/rental-programme/","FAQ question 2","","Y",""
"Yes — owners taking part in the rental programme enjoy 10 complimentary nights' stay per year.","可以——参与租赁计划的业主每年可享有10晚免费入住。","","","rental.faq.a2","/rental-programme/","FAQ answer 2","","Y","Also in FAQPage JSON-LD — identical wording"
"Who manages the unit?","谁负责管理单位？","","","rental.faq.q3","/rental-programme/","FAQ question 3","","",""
"Lexis Hotel Group operates the resort — furnishing, upkeep and hotel operations included. Owners are not involved in day-to-day operations.","度假村由 Lexis Hotel Group 营运——涵盖装修、维护及酒店营运。业主无需参与日常营运。","","","rental.faq.a3","/rental-programme/","FAQ answer 3","","","Also in FAQPage JSON-LD — identical wording"
"Can I exit the programme?","我可以退出计划吗？","","","rental.faq.q4","/rental-programme/","FAQ question 4","","",""
"Owners may terminate the tenancy by giving 3 months' advance written notice.","业主可提前3个月发出书面通知以终止租赁。","","","rental.faq.a4","/rental-programme/","FAQ answer 4","","","Also in FAQPage JSON-LD — identical wording"
"Can foreigners buy?","外国人可以购买吗？","","","rental.faq.q5","/rental-programme/","FAQ question 5","","",""
"Yes, subject to minimum price thresholds that vary by state, and separate rules apply to Malaysia My Second Home (MM2H) participants. Confirm the current threshold for Negeri Sembilan with Summerfield before committing.","可以，惟须符合各州属不同的最低购买价格门槛，马来西亚第二家园计划（MM2H）参与者则另有规定。请在作出决定前，向 Summerfield 确认森美兰州现行的门槛。","","","rental.faq.a5","/rental-programme/","FAQ answer 5","Partial","","Same as villas.faq.a5. Also in FAQPage JSON-LD — identical wording"
"How do I verify the developer's track record?","如何查证发展商的往绩？","","","rental.faq.q6","/rental-programme/","FAQ question 6","","",""
"Arrange a private briefing at Bukit Bintang Showroom for full documentation, or WhatsApp us for a project overview and pricing.","可安排在 Bukit Bintang Showroom 进行私人简报以查阅完整文件，或透过 WhatsApp 联系我们索取项目概况与价格。","","","rental.faq.a6","/rental-programme/","FAQ answer 6","","","Also in FAQPage JSON-LD — identical wording"
"Next Step","下一步","","","rental.final.eyebrow","/rental-programme/","Final CTA section eyebrow","","","Same as villas.final.eyebrow"
"Review the Full Programme Terms Before You Decide","决定前，先审阅完整计划条款","","","rental.final.h2","/rental-programme/","Final CTA section H2","","Y",""
"Request the official brochure, current pricing and a private consultation at Bukit Bintang Showroom — no obligation.","索取正式宣传册、最新价格，并预约在 Bukit Bintang Showroom 进行的私人咨询——无需任何承诺。","","","rental.final.body","/rental-programme/","Final CTA section body","","",""
"Prefer a callback? Use the form and our consultant will reach out on WhatsApp with the full programme terms, pricing and briefing times.","希望我们回电？请填写表格，我们的顾问将透过 WhatsApp 与您联系，提供完整计划条款、价格及简报时间。","","","rental.final.small_text","/rental-programme/","Final CTA section small print","","",""
"Privacy Policy | Lexis Hibiscus 2, Port Dickson","隐私政策｜Lexis Hibiscus 2, Port Dickson","","","privacy.meta.title","/privacy-policy/","<title>","","",""
"How we collect, use and protect your data when you enquire about Lexis Hibiscus 2, Port Dickson.","了解我们在您咨询 Lexis Hibiscus 2（Port Dickson）时，如何收集、使用及保护您的个人资料。","","","privacy.meta.description","/privacy-policy/","Meta description","","",""
"Privacy Policy — Lexis Hibiscus 2","隐私政策 — Lexis Hibiscus 2","","","privacy.og.title","/privacy-policy/","og:title","","",""
"How we collect, use and protect your data when you enquire about Lexis Hibiscus 2.","了解我们在您咨询 Lexis Hibiscus 2 时，如何收集、使用及保护您的个人资料。","","","privacy.og.description","/privacy-policy/","og:description","","",""
"Legal","法律信息","","","privacy.eyebrow","/privacy-policy/","Eyebrow label","","","Same string as disclaimer.eyebrow"
"Privacy Policy","隐私政策","","","privacy.h1","/privacy-policy/","H1","","",""
"Last updated: 10 July 2026","最后更新日期：2026年7月10日","","","privacy.last_updated","/privacy-policy/","Publication date line","Partial","","Keep the same date across all languages — localize only the date format/wording, not the date itself"
"1. What This Policy Covers","1. 本政策涵盖范围","","","privacy.s1.heading","/privacy-policy/","Section 1 heading","","",""
"This policy explains how hibiscus2.com (""this website"") collects and uses information when you browse the site or submit an enquiry about Lexis Hibiscus 2, Port Dickson. This website is operated by an authorised real estate negotiator marketing the project — it is not the developer's official website.","本政策说明当您浏览本网站或提交有关 Lexis Hibiscus 2（Port Dickson）的咨询时，hibiscus2.com（""本网站""）如何收集及使用相关信息。本网站由负责该项目市场推广的授权房地产经纪人营运——并非发展商官方网站。","","","privacy.s1.body","/privacy-policy/","Section 1 body","","Y",""
"2. Information We Collect","2. 我们收集的信息","","","privacy.s2.heading","/privacy-policy/","Section 2 heading","","",""
"When you submit the enquiry form or contact us on WhatsApp, we collect: your name, WhatsApp number, buyer type (e.g. Malaysia Buyer, Singapore Buyer, Overseas Buyer, MM2H Participant), and any message you provide. Form submissions are processed via Web3Forms and delivered to our consultant by email.","当您提交咨询表格或透过 WhatsApp 联系我们时，我们会收集：您的姓名、WhatsApp 号码、买家类型（例如马来西亚买家、新加坡买家、海外买家、MM2H 参与者），以及您提供的任何留言。表格提交内容将透过 Web3Forms 处理，并以电邮方式发送给我们的顾问。","","","privacy.s2.body1","/privacy-policy/","Section 2 body paragraph 1","","",""
"We also automatically collect standard analytics data (pages visited, device type, approximate location, referring source and, where present, UTM/gclid campaign parameters) via Google Tag Manager and Google Analytics (GA4).","我们也会透过 Google Tag Manager 与 Google Analytics（GA4）自动收集标准分析数据（包括浏览页面、设备类型、大致位置、来源渠道，以及（如有）UTM/gclid 广告活动参数）。","","","privacy.s2.body2","/privacy-policy/","Section 2 body paragraph 2","","",""
"3. How We Use Your Information","3. 我们如何使用您的信息","","","privacy.s3.heading","/privacy-policy/","Section 3 heading","","",""
"We use the information you provide solely to respond to your enquiry — to contact you on WhatsApp or by phone/email with villa details, pricing, and to arrange a consultation. Analytics data is used to understand site performance and to measure the effectiveness of Google Ads campaigns (conversion tracking).","我们仅使用您所提供的信息来回复您的咨询——透过 WhatsApp、电话或电邮与您联系，提供别墅详情、价格资讯，并安排咨询。分析数据则用于了解网站表现，并衡量 Google Ads 广告活动成效（转化追踪）。","","","privacy.s3.body","/privacy-policy/","Section 3 body","","",""
"4. Cookies & Tracking","4. Cookie 与追踪技术","","","privacy.s4.heading","/privacy-policy/","Section 4 heading","","",""
"This website uses Google Tag Manager, Google Analytics (GA4) and Google Ads conversion tracking, which may set cookies or similar technologies in your browser to measure site usage and ad performance. You can control cookies through your browser settings.","本网站使用 Google Tag Manager、Google Analytics（GA4）及 Google Ads 转化追踪，这些工具可能会在您的浏览器中设置 Cookie 或类似技术，以衡量网站使用情况及广告成效。您可透过浏览器设置管理 Cookie。","","","privacy.s4.body","/privacy-policy/","Section 4 body","","",""
"5. Sharing of Information","5. 信息分享","","","privacy.s5.heading","/privacy-policy/","Section 5 heading","","",""
"Your enquiry details are shared only with the consultant/agency handling your enquiry and, where relevant, the project developer for the purpose of following up on your interest. We do not sell your personal data to third parties.","您的咨询资料仅会与处理该咨询的顾问／代理公司分享，并在相关情况下与项目发展商分享，以便跟进您的意向。我们不会将您的个人资料出售予第三方。","","","privacy.s5.body","/privacy-policy/","Section 5 body","","",""
"6. Data Retention","6. 资料保留","","","privacy.s6.heading","/privacy-policy/","Section 6 heading","","",""
"We retain enquiry information for as long as reasonably necessary to respond to your enquiry and for legitimate business record-keeping, unless you request deletion sooner.","我们会在合理必要的期限内保留您的咨询信息，以回复咨询及作为正当的业务记录用途，除非您要求提前删除。","","","privacy.s6.body","/privacy-policy/","Section 6 body","","",""
"7. Your Rights","7. 您的权利","","","privacy.s7.heading","/privacy-policy/","Section 7 heading","","",""
"You may request access to, correction of, or deletion of your personal data by contacting us via WhatsApp or the details on our Contact page, in accordance with the Malaysian Personal Data Protection Act 2010 (PDPA).","根据马来西亚2010年个人资料保护法令（PDPA），您可透过 WhatsApp 或我们联系我们页面上的资料与我们联系，要求查阅、更正或删除您的个人资料。","","","privacy.s7.body","/privacy-policy/","Section 7 body","","","""Contact page""/""联系我们"" is a hyperlink to /contact/ (language-equivalent). ""PDPA"" is Malaysia-specific law — keep the Act name reference, translate surrounding text"
"8. Contact","8. 联系方式","","","privacy.s8.heading","/privacy-policy/","Section 8 heading","","",""
"Questions about this policy can be directed to us via WhatsApp.","如对本政策有任何疑问，欢迎透过 WhatsApp 与我们联系。","","","privacy.s8.body","/privacy-policy/","Section 8 body","","",""
"Disclaimer | Lexis Hibiscus 2, Port Dickson","免责声明｜Lexis Hibiscus 2, Port Dickson","","","disclaimer.meta.title","/disclaimer/","<title>","","",""
"Terms of use and marketing disclaimers for hibiscus2.com, covering Lexis Hibiscus 2, Port Dickson.","hibiscus2.com 的使用条款及营销免责声明，内容涵盖 Lexis Hibiscus 2（Port Dickson）。","","","disclaimer.meta.description","/disclaimer/","Meta description","","",""
"Disclaimer — Lexis Hibiscus 2","免责声明 — Lexis Hibiscus 2","","","disclaimer.og.title","/disclaimer/","og:title","","",""
"Terms of use and marketing disclaimers for hibiscus2.com.","hibiscus2.com 的使用条款及营销免责声明。","","","disclaimer.og.description","/disclaimer/","og:description","","",""
"Legal","法律信息","","","disclaimer.eyebrow","/disclaimer/","Eyebrow label","","","Same string as privacy.eyebrow"
"Disclaimer","免责声明","","","disclaimer.h1","/disclaimer/","H1","","",""
"Last updated: 10 July 2026","最后更新日期：2026年7月10日","","","disclaimer.last_updated","/disclaimer/","Publication date line","Partial","","Keep the same date across all languages"
"1. Marketing Material Only","1. 仅供营销参考","","","disclaimer.s1.heading","/disclaimer/","Section 1 heading","","",""
"hibiscus2.com is marketing material produced by an authorised real estate negotiator (""we"", ""us"") for Lexis Hibiscus 2, Port Dickson. This is not the developer's official website. Nothing on this site constitutes an offer, contract, or part of a contract of sale.","hibiscus2.com 是由授权房地产经纪人（""我们""）为 Lexis Hibiscus 2（Port Dickson）制作的营销资料，并非发展商官方网站。本网站所载内容概不构成要约、合约，或买卖合约的一部分。","","","disclaimer.s1.body","/disclaimer/","Section 1 body","","Y",""
"2. Renders & Imagery","2. 效果图与影像","","","disclaimer.s2.heading","/disclaimer/","Section 2 heading","","",""
"All renders on this website are artist impressions. The final development, landscaping, facilities, finishes and views may vary from what is depicted. Where actual show unit photography is used, it reflects the specific unit photographed and may not represent every villa type.","本网站所有效果图均为艺术构想图。最终发展项目、景观设计、设施、装修及景观可能与图示有所不同。如使用实际样板房照片，该照片仅反映所拍摄的特定单位，未必代表所有别墅户型。","","","disclaimer.s2.body","/disclaimer/","Section 2 body","","",""
"3. Pricing, Availability & Specifications","3. 价格、供应情况与规格","","","disclaimer.s3.heading","/disclaimer/","Section 3 heading","","",""
"Prices, unit availability, sizes and specifications shown are indicative and subject to change without notice. Official, current figures are confirmed only in the sale and purchase agreement and related official documentation issued by the developer.","网站所示价格、单位供应情况、面积及规格仅供参考，如有更改，恕不另行通知。官方及最新数据仅以发展商所发出的买卖合约及相关正式文件为准。","","","disclaimer.s3.body","/disclaimer/","Section 3 body","","",""
"4. Rental Programme","4. 租赁计划","","","disclaimer.s4.heading","/disclaimer/","Section 4 heading","","",""
"Any description of the rental programme on this website is a summary only. Programme details are subject to the official sale and tenancy/leaseback agreements. Rental programme terms, availability and conditions may change according to official agreements and project requirements. Interested buyers should review the complete terms with the authorised sales representative before making any decision.","本网站有关租赁计划的描述仅为概要说明。计划详情以正式的买卖及租赁／回租协议为准。租赁计划条款、供应情况及条件可能根据正式协议及项目要求而有所变动。有意买家在作出任何决定前，应与授权销售代表一同审阅完整条款。","","","disclaimer.s4.body","/disclaimer/","Section 4 body","","Y",""
"5. Not Financial Advice","5. 非财务建议","","","disclaimer.s5.heading","/disclaimer/","Section 5 heading","","Y",""
"This website is marketing material and does not constitute financial, investment, legal or tax advice. Prospective buyers should seek independent legal and financial counsel before entering into any transaction.","本网站为营销资料，不构成财务、法律或税务建议。准买家在进行任何交易前，应寻求独立的法律与财务咨询。","","","disclaimer.s5.body","/disclaimer/","Section 5 body","","Y","FLAGGED: ZH drops ""investment"" from the enumerated advice types (投资 is banned). Apply equivalent substitution for MS (""pelaburan"" banned) and JA (投資 banned) — see TRANSLATION-TASK.md"
"6. Errors & Omissions","6. 错误与遗漏","","","disclaimer.s6.heading","/disclaimer/","Section 6 heading","","",""
"While we take reasonable care to keep information accurate, this website is provided on an ""as is"" basis and information is correct at time of publication only, subject to change (E&OE — errors and omissions excepted).","我们已采取合理措施确保信息准确，惟本网站内容以""现状""提供，所载信息仅在发布当时正确，如有更改，恕不另行通知（E&OE——错漏除外）。","","","disclaimer.s6.body","/disclaimer/","Section 6 body","","",""
"7. Third-Party Links","7. 第三方链接","","","disclaimer.s7.heading","/disclaimer/","Section 7 heading","","",""
"Any third-party links on this website (e.g. WhatsApp) are provided for convenience. We are not responsible for the content or practices of third-party services.","本网站所载任何第三方链接（如 WhatsApp）仅为方便用户而提供。我们概不对第三方服务的内容或做法负责。","","","disclaimer.s7.body","/disclaimer/","Section 7 body","","",""
"Thank You | Lexis Hibiscus 2, Port Dickson","感谢您的咨询｜Lexis Hibiscus 2, Port Dickson","","","thankyou.meta.title","/thank-you/","<title>","","",""
"Thank you for your enquiry about Lexis Hibiscus 2. Our consultant will be in touch on WhatsApp shortly.","感谢您对 Lexis Hibiscus 2 的咨询。我们的顾问将尽快透过 WhatsApp 与您联系。","","","thankyou.meta.description","/thank-you/","Meta description","","",""
"Thank You — Lexis Hibiscus 2","感谢您的咨询 — Lexis Hibiscus 2","","","thankyou.og.title","/thank-you/","og:title","","",""
"Thank you for your enquiry. Our consultant will be in touch shortly.","感谢您的咨询。我们的顾问将尽快与您联系。","","","thankyou.og.description","/thank-you/","og:description","","",""
"Hi, I'd like to book a viewing — following up on my enquiry about Lexis Hibiscus 2.","您好，我想预约参观——跟进我早前有关 Lexis Hibiscus 2 的咨询。","","","thankyou.wa_text","/thank-you/","WhatsApp prefill (data-wa-text)","","",""
"Thank You — Your Enquiry Has Been Received","感谢您——我们已收到您的咨询","","","thankyou.h1","/thank-you/","H1","","",""
"Our consultant will reach out to you on WhatsApp shortly with villa details, pricing and next steps. If it's urgent, message us directly below.","我们的顾问将尽快透过 WhatsApp 与您联系，提供别墅详情、价格及后续步骤。如有急事，欢迎直接透过下方联系我们。","","","thankyou.body","/thank-you/","Body copy","","",""
"Explore the villas","探索别墅","","","thankyou.link1","/thank-you/","Bottom link 1","","",""
"Read about the rental programme","了解租赁计划","","","thankyou.link2","/thank-you/","Bottom link 2","","",""
"Back to home","返回首页","","","thankyou.link3","/thank-you/","Bottom link 3","","",""
"Page Not Found | Lexis Hibiscus 2, Port Dickson","找不到页面｜Lexis Hibiscus 2, Port Dickson","","","404.meta.title","/404.html","<title>","","",""
"This page could not be found. Explore Lexis Hibiscus 2 villas and the rental programme, or WhatsApp us directly.","找不到该页面。欢迎探索 Lexis Hibiscus 2 的别墅与租赁计划，或直接透过 WhatsApp 联系我们。","","","404.meta.description","/404.html","Meta description","","",""
"Hi, I couldn't find what I was looking for on the Lexis Hibiscus 2 website.","您好，我在 Lexis Hibiscus 2 网站上找不到我要找的内容。","","","404.wa_text","/404.html","WhatsApp prefill (data-wa-text)","","",""
"We Couldn't Find That Page","找不到该页面","","","404.h1","/404.html","H1","","",""
"The page you're looking for may have moved. Try one of the links below, or message us directly on WhatsApp.","您要寻找的页面可能已经搬移。请尝试以下链接，或直接透过 WhatsApp 与我们联系。","","","404.body","/404.html","Body copy","","",""
"Back to Home","返回首页","","","404.button1","/404.html","Button","","",""
"View Villas","查看别墅","","","404.button2","/404.html","Button","","",""
